<?xml version="1.0" encoding="UTF-8" standalone="no"?>
<?fileVersion 4.0.0?>

<cproject storage_type_id="org.eclipse.cdt.core.XmlProjectDescriptionStorage">
	<storageModule moduleId="org.eclipse.cdt.core.settings">
		<cconfiguration id="cdt.managedbuild.toolchain.gnu.mingw.base.758278428">
			<storageModule buildSystemId="org.eclipse.cdt.managedbuilder.core.configurationDataProvider" id="cdt.managedbuild.toolchain.gnu.mingw.base.758278428" moduleId="org.eclipse.cdt.core.settings" name="Default">
				<externalSettings/>
				<extensions>
					<extension id="org.eclipse.cdt.core.PE" point="org.eclipse.cdt.core.BinaryParser"/>
					<extension id="org.eclipse.cdt.core.GCCErrorParser" point="org.eclipse.cdt.core.ErrorParser"/>
					<extension id="org.eclipse.cdt.core.GASErrorParser" point="org.eclipse.cdt.core.ErrorParser"/>
					<extension id="org.eclipse.cdt.core.GLDErrorParser" point="org.eclipse.cdt.core.ErrorParser"/>
				</extensions>
			</storageModule>
			<storageModule moduleId="cdtBuildSystem" version="4.0.0">
				<configuration buildProperties="" id="cdt.managedbuild.toolchain.gnu.mingw.base.758278428" name="Default" parent="org.eclipse.cdt.build.core.emptycfg">
					<folderInfo id="cdt.managedbuild.toolchain.gnu.mingw.base.758278428.119204295" name="/" resourcePath="">
						<toolChain id="cdt.managedbuild.toolchain.gnu.mingw.base.1286326691" name="cdt.managedbuild.toolchain.gnu.mingw.base" superClass="cdt.managedbuild.toolchain.gnu.mingw.base">
							<targetPlatform archList="all" binaryParser="org.eclipse.cdt.core.PE" id="cdt.managedbuild.target.gnu.platform.mingw.base.1837256803" name="Debug Platform" osList="win32" superClass="cdt.managedbuild.target.gnu.platform.mingw.base"/>
							<builder buildPath="${workspace_loc:/nns-1.2/Default}" id="cdt.managedbuild.tool.gnu.builder.mingw.base.916407628" managedBuildOn="false" name="CDT Internal Builder.Default" superClass="cdt.managedbuild.tool.gnu.builder.mingw.base"/>
							<tool id="cdt.managedbuild.tool.gnu.assembler.mingw.base.2109714210" name="GCC Assembler" superClass="cdt.managedbuild.tool.gnu.assembler.mingw.base"/>
							<tool id="cdt.managedbuild.tool.gnu.archiver.mingw.base.481174008" name="GCC Archiver" superClass="cdt.managedbuild.tool.gnu.archiver.mingw.base"/>
							<tool id="cdt.managedbuild.tool.gnu.cpp.compiler.mingw.base.2034901796" name="GCC C++ Compiler" superClass="cdt.managedbuild.tool.gnu.cpp.compiler.mingw.base"/>
							<tool id="cdt.managedbuild.tool.gnu.c.compiler.mingw.base.1605221067" name="GCC C Compiler" superClass="cdt.managedbuild.tool.gnu.c.compiler.mingw.base"/>
							<tool id="cdt.managedbuild.tool.gnu.c.linker.mingw.base.604125111" name="MinGW C Linker" superClass="cdt.managedbuild.tool.gnu.c.linker.mingw.base"/>
							<tool id="cdt.managedbuild.tool.gnu.cpp.linker.mingw.base.1610070388" name="MinGW C++ Linker" superClass="cdt.managedbuild.tool.gnu.cpp.linker.mingw.base"/>
						</toolChain>
					</folderInfo>
				</configuration>
			</storageModule>
			<storageModule moduleId="org.eclipse.cdt.core.externalSettings"/>
		</cconfiguration>
	</storageModule>
	<storageModule moduleId="cdtBuildSystem" version="4.0.0">
		<project id="nns-1.2.null.1099503947" name="nns-1.2"/>
	</storageModule>
	<storageModule moduleId="scannerConfiguration">
		<autodiscovery enabled="true" problemReportingEnabled="true" selectedProfileId=""/>
	</storageModule>
</cproject>
