<?xml version="1.0" encoding="UTF-8" standalone="no"?>
<?fileVersion 4.0.0?><cproject storage_type_id="org.eclipse.cdt.core.XmlProjectDescriptionStorage">
	<storageModule moduleId="org.eclipse.cdt.core.settings">
		<cconfiguration id="0.1704670940">
			<storageModule buildSystemId="org.eclipse.cdt.managedbuilder.core.configurationDataProvider" id="0.1704670940" moduleId="org.eclipse.cdt.core.settings" name="Default">
				<externalSettings/>
				<extensions>
					<extension id="org.eclipse.cdt.core.GASErrorParser" point="org.eclipse.cdt.core.ErrorParser"/>
					<extension id="org.eclipse.cdt.core.GmakeErrorParser" point="org.eclipse.cdt.core.ErrorParser"/>
					<extension id="org.eclipse.cdt.core.GLDErrorParser" point="org.eclipse.cdt.core.ErrorParser"/>
					<extension id="org.eclipse.cdt.core.VCErrorParser" point="org.eclipse.cdt.core.ErrorParser"/>
					<extension id="org.eclipse.cdt.core.CWDLocator" point="org.eclipse.cdt.core.ErrorParser"/>
					<extension id="org.eclipse.cdt.core.GCCErrorParser" point="org.eclipse.cdt.core.ErrorParser"/>
				</extensions>
			</storageModule>
			<storageModule moduleId="cdtBuildSystem" version="4.0.0">
				<configuration buildProperties="" description="" id="0.1704670940" name="Default" parent="org.eclipse.cdt.build.core.prefbase.cfg">
					<folderInfo id="0.1704670940." name="/" resourcePath="">
						<toolChain id="org.eclipse.cdt.build.core.prefbase.toolchain.1238326702" name="No ToolChain" resourceTypeBasedDiscovery="false" superClass="org.eclipse.cdt.build.core.prefbase.toolchain">
							<targetPlatform id="org.eclipse.cdt.build.core.prefbase.toolchain.1238326702.840473982" name=""/>
							<builder id="org.eclipse.cdt.build.core.settings.default.builder.239518872" keepEnvironmentInBuildfile="false" managedBuildOn="false" name="Gnu Make Builder" superClass="org.eclipse.cdt.build.core.settings.default.builder"/>
							<tool id="org.eclipse.cdt.build.core.settings.holder.libs.412454601" name="holder for library settings" superClass="org.eclipse.cdt.build.core.settings.holder.libs"/>
							<tool id="org.eclipse.cdt.build.core.settings.holder.520035839" name="Assembly" superClass="org.eclipse.cdt.build.core.settings.holder">
								<inputType id="org.eclipse.cdt.build.core.settings.holder.inType.1017070605" languageId="org.eclipse.cdt.core.assembly" languageName="Assembly" sourceContentType="org.eclipse.cdt.core.asmSource" superClass="org.eclipse.cdt.build.core.settings.holder.inType"/>
							</tool>
							<tool id="org.eclipse.cdt.build.core.settings.holder.1582823394" name="GNU C++" superClass="org.eclipse.cdt.build.core.settings.holder">
								<inputType id="org.eclipse.cdt.build.core.settings.holder.inType.577971966" languageId="org.eclipse.cdt.core.g++" languageName="GNU C++" sourceContentType="org.eclipse.cdt.core.cxxSource,org.eclipse.cdt.core.cxxHeader" superClass="org.eclipse.cdt.build.core.settings.holder.inType"/>
							</tool>
							<tool id="org.eclipse.cdt.build.core.settings.holder.340744816" name="GNU C" superClass="org.eclipse.cdt.build.core.settings.holder">
								<inputType id="org.eclipse.cdt.build.core.settings.holder.inType.1065222118" languageId="org.eclipse.cdt.core.gcc" languageName="GNU C" sourceContentType="org.eclipse.cdt.core.cSource,org.eclipse.cdt.core.cHeader" superClass="org.eclipse.cdt.build.core.settings.holder.inType"/>
							</tool>
							<tool id="org.eclipse.cdt.build.core.settings.holder.1804805588" name="LLVM bytecode assembly" superClass="org.eclipse.cdt.build.core.settings.holder">
								<inputType id="org.eclipse.cdt.build.core.settings.holder.inType.1803558623" languageId="org.eclipse.cdt.managedbuilder.llvm.ui.llvmAssembly" languageName="LLVM bytecode assembly" sourceContentType="org.eclipse.cdt.managedbuilder.llvm.ui.llvmAssemblySource" superClass="org.eclipse.cdt.build.core.settings.holder.inType"/>
							</tool>
							<tool id="org.eclipse.cdt.build.core.settings.holder.1849101696" name="UPC" superClass="org.eclipse.cdt.build.core.settings.holder">
								<inputType id="org.eclipse.cdt.build.core.settings.holder.inType.1211980817" languageId="org.eclipse.cdt.core.parser.upc.upc" languageName="UPC" sourceContentType="org.eclipse.cdt.core.parser.upc.upcSource" superClass="org.eclipse.cdt.build.core.settings.holder.inType"/>
							</tool>
						</toolChain>
					</folderInfo>
				</configuration>
			</storageModule>
			<storageModule moduleId="org.eclipse.cdt.core.externalSettings"/>
		</cconfiguration>
	</storageModule>
	<storageModule moduleId="cdtBuildSystem" version="4.0.0">
		<project id="DeepLearner.null.957619976" name="DeepLearner"/>
	</storageModule>
	<storageModule moduleId="scannerConfiguration">
		<autodiscovery enabled="true" problemReportingEnabled="true" selectedProfileId=""/>
		<profile id="org.eclipse.cdt.make.core.GCCStandardMakePerProjectProfile">
			<buildOutputProvider>
				<openAction enabled="true" filePath=""/>
				<parser enabled="true"/>
			</buildOutputProvider>
			<scannerInfoProvider id="specsFile">
				<runAction arguments="-E -P -v -dD ${plugin_state_location}/${specs_file}" command="gcc" useDefault="true"/>
				<parser enabled="true"/>
			</scannerInfoProvider>
		</profile>
		<profile id="org.eclipse.cdt.managedbuilder.core.GCCManagedMakePerProjectProfile">
			<buildOutputProvider>
				<openAction enabled="true" filePath=""/>
				<parser enabled="true"/>
			</buildOutputProvider>
			<scannerInfoProvider id="specsFile">
				<runAction arguments="-E -P -v -dD ${plugin_state_location}/${specs_file}" command="gcc" useDefault="true"/>
				<parser enabled="true"/>
			</scannerInfoProvider>
		</profile>
		<profile id="org.eclipse.cdt.managedbuilder.core.GCCManagedMakePerProjectProfileCPP">
			<buildOutputProvider>
				<openAction enabled="true" filePath=""/>
				<parser enabled="true"/>
			</buildOutputProvider>
			<scannerInfoProvider id="specsFile">
				<runAction arguments="-E -P -v -dD ${plugin_state_location}/specs.cpp" command="g++" useDefault="true"/>
				<parser enabled="true"/>
			</scannerInfoProvider>
		</profile>
		<profile id="org.eclipse.cdt.managedbuilder.core.GCCManagedMakePerProjectProfileC">
			<buildOutputProvider>
				<openAction enabled="true" filePath=""/>
				<parser enabled="true"/>
			</buildOutputProvider>
			<scannerInfoProvider id="specsFile">
				<runAction arguments="-E -P -v -dD ${plugin_state_location}/specs.c" command="gcc" useDefault="true"/>
				<parser enabled="true"/>
			</scannerInfoProvider>
		</profile>
		<scannerConfigBuildInfo instanceId="0.1704670940">
			<autodiscovery enabled="true" problemReportingEnabled="true" selectedProfileId=""/>
		</scannerConfigBuildInfo>
		<scannerConfigBuildInfo instanceId="0.745126869">
			<autodiscovery enabled="true" problemReportingEnabled="true" selectedProfileId=""/>
			<profile id="org.eclipse.cdt.make.core.GCCStandardMakePerProjectProfile">
				<buildOutputProvider>
					<openAction enabled="true" filePath=""/>
					<parser enabled="true"/>
				</buildOutputProvider>
				<scannerInfoProvider id="specsFile">
					<runAction arguments="-E -P -v -dD ${plugin_state_location}/${specs_file}" command="gcc" useDefault="true"/>
					<parser enabled="true"/>
				</scannerInfoProvider>
			</profile>
			<profile id="org.eclipse.cdt.managedbuilder.core.GCCManagedMakePerProjectProfile">
				<buildOutputProvider>
					<openAction enabled="true" filePath=""/>
					<parser enabled="true"/>
				</buildOutputProvider>
				<scannerInfoProvider id="specsFile">
					<runAction arguments="-E -P -v -dD ${plugin_state_location}/${specs_file}" command="gcc" useDefault="true"/>
					<parser enabled="true"/>
				</scannerInfoProvider>
			</profile>
			<profile id="org.eclipse.cdt.managedbuilder.core.GCCManagedMakePerProjectProfileCPP">
				<buildOutputProvider>
					<openAction enabled="true" filePath=""/>
					<parser enabled="true"/>
				</buildOutputProvider>
				<scannerInfoProvider id="specsFile">
					<runAction arguments="-E -P -v -dD ${plugin_state_location}/specs.cpp" command="g++" useDefault="true"/>
					<parser enabled="true"/>
				</scannerInfoProvider>
			</profile>
			<profile id="org.eclipse.cdt.managedbuilder.core.GCCManagedMakePerProjectProfileC">
				<buildOutputProvider>
					<openAction enabled="true" filePath=""/>
					<parser enabled="true"/>
				</buildOutputProvider>
				<scannerInfoProvider id="specsFile">
					<runAction arguments="-E -P -v -dD ${plugin_state_location}/specs.c" command="gcc" useDefault="true"/>
					<parser enabled="true"/>
				</scannerInfoProvider>
			</profile>
		</scannerConfigBuildInfo>
	</storageModule>
	<storageModule moduleId="org.eclipse.cdt.core.LanguageSettingsProviders"/>
</cproject>
